timestamp, memory.used [MiB], utilization.gpu [%]
2026/08/01 15:12:21.440, 0 MiB, 0 %
2026/08/01 15:12:26.445, 0 MiB, 0 %
2026/08/01 15:12:31.445, 0 MiB, 0 %
2026/08/01 15:12:36.445, 3 MiB, 0 %
2026/08/01 15:12:41.446, 3 MiB, 0 %
2026/08/01 15:12:46.446, 3 MiB, 0 %
2026/08/01 15:12:51.447, 317 MiB, 0 %
2026/08/01 15:12:56.447, 317 MiB, 0 %
2026/08/01 15:13:01.448, 317 MiB, 0 %
2026/08/01 15:13:06.448, 6793 MiB, 0 %
2026/08/01 15:13:11.449, 6793 MiB, 0 %
2026/08/01 15:13:16.450, 6793 MiB, 0 %
2026/08/01 15:13:21.451, 15177 MiB, 27 %
2026/08/01 15:13:26.451, 16635 MiB, 0 %
2026/08/01 15:13:31.451, 16635 MiB, 0 %
2026/08/01 15:13:36.452, 16635 MiB, 0 %
2026/08/01 15:13:41.453, 16635 MiB, 0 %
2026/08/01 15:13:46.453, 16637 MiB, 0 %
2026/08/01 15:13:51.453, 16637 MiB, 0 %
2026/08/01 15:13:56.454, 16637 MiB, 0 %
2026/08/01 15:14:01.455, 16637 MiB, 0 %
2026/08/01 15:14:06.455, 16637 MiB, 0 %
2026/08/01 15:14:11.455, 16637 MiB, 1 %
2026/08/01 15:14:16.456, 16637 MiB, 32 %
2026/08/01 15:14:21.456, 16637 MiB, 0 %
2026/08/01 15:14:26.457, 16637 MiB, 0 %
2026/08/01 15:14:31.457, 16639 MiB, 0 %
2026/08/01 15:14:36.458, 16639 MiB, 50 %
2026/08/01 15:14:41.459, 16641 MiB, 26 %
2026/08/01 15:14:46.459, 16643 MiB, 0 %
2026/08/01 15:14:51.459, 16645 MiB, 56 %
2026/08/01 15:14:56.460, 16645 MiB, 0 %
2026/08/01 15:15:01.460, 16645 MiB, 29 %
2026/08/01 15:15:06.461, 16645 MiB, 0 %
2026/08/01 15:15:11.461, 16645 MiB, 0 %
2026/08/01 15:15:16.461, 16645 MiB, 62 %
2026/08/01 15:15:21.462, 16645 MiB, 0 %
2026/08/01 15:15:26.462, 16645 MiB, 24 %
2026/08/01 15:15:31.463, 16645 MiB, 3 %
2026/08/01 15:15:36.463, 16645 MiB, 24 %
2026/08/01 15:15:41.464, 16645 MiB, 7 %
2026/08/01 15:15:46.464, 16645 MiB, 0 %
2026/08/01 15:15:51.465, 16645 MiB, 53 %
2026/08/01 15:15:56.465, 16645 MiB, 0 %
2026/08/01 15:16:01.466, 16645 MiB, 59 %
2026/08/01 15:16:06.467, 16645 MiB, 17 %
2026/08/01 15:16:11.467, 16645 MiB, 0 %
2026/08/01 15:16:16.467, 16645 MiB, 30 %
2026/08/01 15:16:21.468, 16645 MiB, 32 %
2026/08/01 15:16:26.469, 16645 MiB, 56 %
2026/08/01 15:16:31.469, 16645 MiB, 0 %
2026/08/01 15:16:36.470, 16645 MiB, 82 %
2026/08/01 15:16:41.471, 16645 MiB, 48 %
2026/08/01 15:16:46.472, 16645 MiB, 36 %
2026/08/01 15:16:51.472, 16645 MiB, 70 %
2026/08/01 15:16:56.473, 16645 MiB, 87 %
2026/08/01 15:17:01.473, 16645 MiB, 81 %
2026/08/01 15:17:06.474, 16647 MiB, 36 %
2026/08/01 15:17:11.475, 16647 MiB, 62 %
2026/08/01 15:17:16.476, 16647 MiB, 2 %
2026/08/01 15:17:21.476, 16647 MiB, 38 %
2026/08/01 15:17:26.477, 16647 MiB, 14 %
2026/08/01 15:17:31.477, 16647 MiB, 26 %
2026/08/01 15:17:36.477, 16647 MiB, 33 %
2026/08/01 15:17:41.478, 16647 MiB, 20 %
2026/08/01 15:17:46.479, 16649 MiB, 12 %
2026/08/01 15:17:51.479, 16649 MiB, 19 %
2026/08/01 15:17:56.479, 16651 MiB, 0 %
2026/08/01 15:18:01.480, 16651 MiB, 68 %
2026/08/01 15:18:06.481, 16651 MiB, 33 %
2026/08/01 15:18:11.482, 16651 MiB, 61 %
2026/08/01 15:18:16.482, 16651 MiB, 88 %
2026/08/01 15:18:21.483, 16651 MiB, 84 %
2026/08/01 15:18:26.483, 16651 MiB, 55 %
2026/08/01 15:18:31.484, 16651 MiB, 0 %
2026/08/01 15:18:36.484, 16651 MiB, 0 %
2026/08/01 15:18:41.485, 16651 MiB, 0 %
2026/08/01 15:18:46.485, 16651 MiB, 0 %
2026/08/01 15:18:51.485, 16651 MiB, 67 %
2026/08/01 15:18:56.486, 16651 MiB, 92 %
2026/08/01 15:19:01.486, 16651 MiB, 8 %
2026/08/01 15:19:06.487, 16651 MiB, 66 %
2026/08/01 15:19:11.487, 16651 MiB, 59 %
2026/08/01 15:19:16.487, 16651 MiB, 30 %
2026/08/01 15:19:21.488, 16651 MiB, 26 %
2026/08/01 15:19:26.488, 16651 MiB, 31 %
2026/08/01 15:19:31.489, 16651 MiB, 0 %
2026/08/01 15:19:36.489, 16651 MiB, 0 %
2026/08/01 15:19:41.489, 16651 MiB, 64 %
2026/08/01 15:19:46.491, 16651 MiB, 45 %
2026/08/01 15:19:51.491, 16651 MiB, 92 %
2026/08/01 15:19:56.492, 16651 MiB, 76 %
2026/08/01 15:20:01.493, 16651 MiB, 84 %
2026/08/01 15:20:06.493, 16651 MiB, 81 %
2026/08/01 15:20:11.496, 16651 MiB, 0 %
2026/08/01 15:20:16.496, 16651 MiB, 29 %
2026/08/01 15:20:21.497, 16651 MiB, 25 %
2026/08/01 15:20:26.497, 16651 MiB, 25 %
2026/08/01 15:20:31.499, 16651 MiB, 58 %
2026/08/01 15:20:36.501, 16651 MiB, 47 %
2026/08/01 15:20:41.502, 16651 MiB, 93 %
2026/08/01 15:20:46.504, 16651 MiB, 50 %
2026/08/01 15:20:51.505, 16651 MiB, 64 %
2026/08/01 15:20:56.505, 16651 MiB, 25 %
2026/08/01 15:21:01.506, 16651 MiB, 25 %
2026/08/01 15:21:06.506, 16651 MiB, 53 %
2026/08/01 15:21:11.506, 16651 MiB, 0 %
2026/08/01 15:21:16.507, 16651 MiB, 0 %
2026/08/01 15:21:21.507, 16651 MiB, 74 %
2026/08/01 15:21:26.507, 16651 MiB, 83 %
2026/08/01 15:21:31.509, 16651 MiB, 89 %
2026/08/01 15:21:36.509, 16651 MiB, 65 %
2026/08/01 15:21:41.510, 16651 MiB, 0 %
2026/08/01 15:21:46.510, 16651 MiB, 33 %
2026/08/01 15:21:51.511, 16651 MiB, 12 %
2026/08/01 15:21:56.511, 16651 MiB, 40 %
2026/08/01 15:22:01.512, 16651 MiB, 0 %
2026/08/01 15:22:06.512, 16651 MiB, 14 %
2026/08/01 15:22:11.513, 16651 MiB, 87 %
2026/08/01 15:22:16.519, 16651 MiB, 33 %
2026/08/01 15:22:21.520, 16651 MiB, 66 %
2026/08/01 15:22:26.522, 16651 MiB, 70 %
2026/08/01 15:22:31.523, 16651 MiB, 83 %
2026/08/01 15:22:36.523, 16651 MiB, 80 %
2026/08/01 15:22:41.524, 16651 MiB, 76 %
2026/08/01 15:22:46.525, 16651 MiB, 1 %
2026/08/01 15:22:51.525, 16651 MiB, 53 %
2026/08/01 15:22:56.525, 16651 MiB, 29 %
2026/08/01 15:23:01.526, 16651 MiB, 0 %
2026/08/01 15:23:06.527, 16651 MiB, 85 %
2026/08/01 15:23:11.530, 16651 MiB, 57 %
2026/08/01 15:23:16.531, 16651 MiB, 74 %
2026/08/01 15:23:21.532, 16651 MiB, 60 %
2026/08/01 15:23:26.532, 16651 MiB, 53 %
2026/08/01 15:23:31.533, 16653 MiB, 75 %
2026/08/01 15:23:36.534, 16653 MiB, 74 %
2026/08/01 15:23:41.535, 16653 MiB, 58 %
2026/08/01 15:23:46.535, 16653 MiB, 27 %
2026/08/01 15:23:51.536, 16653 MiB, 25 %
2026/08/01 15:23:56.536, 0 MiB, 0 %
2026/08/01 15:24:01.536, 0 MiB, 0 %
2026/08/01 15:24:06.537, 0 MiB, 0 %
2026/08/01 15:24:11.538, 0 MiB, 0 %
2026/08/01 15:24:16.538, 0 MiB, 0 %
