relative_path,duration_s,sample_rate,channels,source,transcript
http/1089-134691-0021.wav,13.370,16000,1,LibriSpeech test-clean 1089-134691-0021,THEIR DIVING STONE POISED ON ITS RUDE SUPPORTS AND ROCKING UNDER THEIR PLUNGES AND THE ROUGH HEWN STONES OF THE SLOPING BREAKWATER OVER WHICH THEY SCRAMBLED IN THEIR HORSEPLAY GLEAMED WITH COLD WET LUSTRE
http/1188-133604-0003.wav,12.610,16000,1,LibriSpeech test-clean 1188-133604-0003,MY FIRST AND PRINCIPAL REASON WAS THAT THEY ENFORCED BEYOND ALL RESISTANCE ON ANY STUDENT WHO MIGHT ATTEMPT TO COPY THEM THIS METHOD OF LAYING PORTIONS OF DISTINCT HUE SIDE BY SIDE
http/121-123852-0002.wav,17.285,16000,1,LibriSpeech test-clean 121-123852-0002,NO MATTER THEN ALTHOUGH MY FOOT DID STAND UPON THE FARTHEST EARTH REMOV'D FROM THEE FOR NIMBLE THOUGHT CAN JUMP BOTH SEA AND LAND AS SOON AS THINK THE PLACE WHERE HE WOULD BE BUT AH
http/1221-135766-0012.wav,16.220,16000,1,LibriSpeech test-clean 1221-135766-0012,BROODING OVER ALL THESE MATTERS THE MOTHER FELT LIKE ONE WHO HAS EVOKED A SPIRIT BUT BY SOME IRREGULARITY IN THE PROCESS OF CONJURATION HAS FAILED TO WIN THE MASTER WORD THAT SHOULD CONTROL THIS NEW AND INCOMPREHENSIBLE INTELLIGENCE
http/1284-134647-0002.wav,15.110,16000,1,LibriSpeech test-clean 1284-134647-0002,BUT THIS INESTIMABLE PRIVILEGE WAS SOON VIOLATED WITH THE KNOWLEDGE OF TRUTH THE EMPEROR IMBIBED THE MAXIMS OF PERSECUTION AND THE SECTS WHICH DISSENTED FROM THE CATHOLIC CHURCH WERE AFFLICTED AND OPPRESSED BY THE TRIUMPH OF CHRISTIANITY
http/1320-122617-0010.wav,10.000,16000,1,LibriSpeech test-clean 1320-122617-0010,THE TASK WILL NOT BE DIFFICULT RETURNED DAVID HESITATING THOUGH I GREATLY FEAR YOUR PRESENCE WOULD RATHER INCREASE THAN MITIGATE HIS UNHAPPY FORTUNES
http/1580-141083-0006.wav,10.850,16000,1,LibriSpeech test-clean 1580-141083-0006,THE ONLY DUPLICATE WHICH EXISTED SO FAR AS I KNEW WAS THAT WHICH BELONGED TO MY SERVANT BANNISTER A MAN WHO HAS LOOKED AFTER MY ROOM FOR TEN YEARS AND WHOSE HONESTY IS ABSOLUTELY ABOVE SUSPICION
http/1995-1826-0001.wav,10.170,16000,1,LibriSpeech test-clean 1995-1826-0001,THE SOUTH SHE HAD NOT THOUGHT OF SERIOUSLY AND YET KNOWING OF ITS DELIGHTFUL HOSPITALITY AND MILD CLIMATE SHE WAS NOT AVERSE TO CHARLESTON OR NEW ORLEANS
http/2094-142345-0059.wav,10.010,16000,1,LibriSpeech test-clean 2094-142345-0059,THIS MISSUS POYSER SAID BLUSHING AND BELIEVING THAT THE CAPTAIN WAS REALLY INTERESTED IN HER MILK PANS AND WOULD ADJUST HIS OPINION OF HER TO THE APPEARANCE OF HER DAIRY
http/2300-131720-0020.wav,10.350,16000,1,LibriSpeech test-clean 2300-131720-0020,IT WAS SPECIALLY SUITED FOR A TRIAL PLANT ALSO IN THE EARLY DAYS WHEN A YIELD OF SIX OR EIGHT LAMPS TO THE HORSE POWER WAS CONSIDERED SUBJECT FOR CONGRATULATION
http/237-134493-0005.wav,10.945,16000,1,LibriSpeech test-clean 237-134493-0005,HE WAS A SPLENDID FIGURE OF A BOY TALL AND STRAIGHT AS A YOUNG PINE TREE WITH A HANDSOME HEAD AND STORMY GRAY EYES DEEPLY SET UNDER A SERIOUS BROW
http/260-123286-0019.wav,11.905,16000,1,LibriSpeech test-clean 260-123286-0019,I SUPPOSE PROFESSOR LIEDENBROCK WAS OF MY OPINION TOO AND EVEN SHARED MY FEARS FOR AFTER HAVING EXAMINED THE PICK HIS EYES TRAVERSED THE OCEAN FROM SIDE TO SIDE
http/2830-3980-0048.wav,10.440,16000,1,LibriSpeech test-clean 2830-3980-0048,HE CAME DOWN TO EARTH LIVED AMONG MEN SUFFERED WAS CRUCIFIED AND THEN HE DIED STANDING CLEARLY BEFORE US SO THAT OUR HEARTS AND EYES MAY FASTEN UPON HIM
http/2961-961-0019.wav,12.255,16000,1,LibriSpeech test-clean 2961-961-0019,FOR AT THE PERIL OF HER OWN EXISTENCE AND WHEN THE OTHER HELLENES HAD DESERTED HER SHE REPELLED THE INVADER AND OF HER OWN ACCORD GAVE LIBERTY TO ALL THE NATIONS WITHIN THE PILLARS
http/3570-5694-0009.wav,12.605,16000,1,LibriSpeech test-clean 3570-5694-0009,WITH MANY QUALIFICATIONS WITH MORE QUALIFICATIONS AS THE PATRIARCHAL TRADITION HAS GRADUALLY WEAKENED THE GENERAL RULE IS FELT TO BE RIGHT AND BINDING THAT WOMEN SHOULD CONSUME ONLY FOR THE BENEFIT OF THEIR MASTERS
http/3575-170457-0041.wav,14.010,16000,1,LibriSpeech test-clean 3575-170457-0041,SHE WAS GONE OUT INTO THE VILLAGE ON SOME ERRAND WHEN AS SHE WAS DESCENDING THE STEEP STREET HER FOOT SLIPPED ON THE ICE AND SHE FELL IT WAS DARK AND NO ONE SAW HER MISCHANCE TILL AFTER A TIME HER GROANS ATTRACTED THE ATTENTION OF A PASSER BY
http/3729-6852-0034.wav,18.895,16000,1,LibriSpeech test-clean 3729-6852-0034,LET A MAN RUN AND EVERYBODY WILL RUN AFTER HIM THE CROWD WILL NOT STOP UNLESS THE MAN IS PROVED TO BE MAD BUT TO PROVE IT IS INDEED A DIFFICULT TASK BECAUSE WE HAVE A CROWD OF MEN WHO MAD FROM THEIR BIRTH ARE STILL CONSIDERED WISE
http/4077-13751-0006.wav,13.065,16000,1,LibriSpeech test-clean 4077-13751-0006,THEIR EYES WERE FROM THE FIRST TURNED IN ANTICIPATION TOWARD THE EVENING SUN NOT MERELY THAT THE WORK OF PROSELYTING SHOULD BE CARRIED ON IN THE WEST BUT THAT THE HEADQUARTERS OF THE CHURCH SHOULD BE THERE ESTABLISHED
http/4446-2273-0010.wav,12.440,16000,1,LibriSpeech test-clean 4446-2273-0010,THERE WAS WATERCRESS SOUP AND SOLE AND A DELIGHTFUL OMELETTE STUFFED WITH MUSHROOMS AND TRUFFLES AND TWO SMALL RARE DUCKLINGS AND ARTICHOKES AND A DRY YELLOW RHONE WINE OF WHICH BARTLEY HAD ALWAYS BEEN VERY FOND
http/4507-16021-0013.wav,10.440,16000,1,LibriSpeech test-clean 4507-16021-0013,NOTHING IS MORE LUGUBRIOUS THAN THE CONTEMPLATION THUS IN ITS NUDITY IN THE BROAD LIGHT OF THOUGHT OF THE HORRIBLE SWARMING OF SLANG
http/4970-29093-0011.wav,11.450,16000,1,LibriSpeech test-clean 4970-29093-0011,O VERY WELL SAID GRINGO TURNING AWAY WITH A SHADE OF CONTEMPT YOU'LL FIND IF YOU ARE GOING INTO LITERATURE AND NEWSPAPER WORK THAT YOU CAN'T AFFORD A CONSCIENCE LIKE THAT
http/4992-41806-0000.wav,14.360,16000,1,LibriSpeech test-clean 4992-41806-0000,NATTY HARMON TRIED THE KITCHEN PUMP SECRETLY SEVERAL TIMES DURING THE EVENING FOR THE WATER HAD TO RUN UP HILL ALL THE WAY FROM THE WELL TO THE KITCHEN SINK AND HE BELIEVED THIS TO BE A CONTINUAL MIRACLE THAT MIGHT GIVE OUT AT ANY MOMENT
http/5105-28240-0009.wav,11.650,16000,1,LibriSpeech test-clean 5105-28240-0009,SLIGHTLY CHANGING HER COURSE SHE FIRST STRUCK HER MAINSAIL AND IN ORDER TO FACILITATE THE MOVEMENTS OF HER HELMSMAN SOON CARRIED NOTHING BUT HER TWO TOPSAILS BRIGANTINE AND JIB
http/5142-36377-0022.wav,11.245,16000,1,LibriSpeech test-clean 5142-36377-0022,I WISH YOU GOOD NIGHT SHE LAID HER BONY HANDS ON THE BACK OF MISTER MEADOWCROFT'S INVALID CHAIR CUT HIM SHORT IN HIS FAREWELL SALUTATION TO ME AND WHEELED HIM OUT TO HIS BED AS IF SHE WERE WHEELING HIM OUT TO HIS GRAVE
http/5639-40744-0022.wav,13.645,16000,1,LibriSpeech test-clean 5639-40744-0022,TIME ROLLED ON THE HOUR OF HER DELIVERY ARRIVED IT TOOK PLACE IN THE UTMOST SECRECY HER MOTHER TAKING UPON HER THE OFFICE OF MIDWIFE AND SHE GAVE BIRTH TO A SON ONE OF THE MOST BEAUTIFUL EVER SEEN
http/5683-32865-0005.wav,10.120,16000,1,LibriSpeech test-clean 5683-32865-0005,BUT HER GREETING TO CAPTAIN LAKE WAS MORE THAN USUALLY HAUGHTY AND FROZEN AND HER FEATURES I FANCIED PARTICULARLY PROUD AND PALE
http/61-70970-0004.wav,10.515,16000,1,LibriSpeech test-clean 61-70970-0004,BUT TAKE IT WHILST I LIVE AND WEAR MONTFICHET'S SHIELD IN THE DAYS WHEN MY EYES CAN BE REJOICED BY SO BRAVE A SIGHT FOR YOU WILL NE'ER DISGRACE OUR SCUTCHEON I WARRANT ME
http/672-122797-0045.wav,13.960,16000,1,LibriSpeech test-clean 672-122797-0045,TIME ENOUGH HAD HE TOO FOR HIS REFLECTIONS FOR DAYS AND NIGHTS PASSED ON AND NOBODY CAME UP AND WHEN AT LAST SOMEBODY DID COME IT WAS ONLY TO PUT SOME GREAT TRUNKS IN A CORNER OUT OF THE WAY
http/6829-68771-0009.wav,13.115,16000,1,LibriSpeech test-clean 6829-68771-0009,LOUISE HOPED FOR EXCELLENT RESULTS FROM THIS ORGANIZATION AND WISHED THE ENTERTAINMENT TO BE SO EFFECTIVE IN WINNING THEIR GOOD WILL THAT THEY WOULD WORK EARNESTLY FOR THE CAUSE IN WHICH THEY WERE ENLISTED
http/6930-75918-0018.wav,10.810,16000,1,LibriSpeech test-clean 6930-75918-0018,THE NIGHT WAS CLEAR STARLIT AND SPLENDID THE TEMPEST HAD PASSED AWAY AND THE SWEET INFLUENCES OF THE EVENING HAD RESTORED LIFE PEACE AND SECURITY EVERYWHERE
http/7021-79730-0004.wav,17.945,16000,1,LibriSpeech test-clean 7021-79730-0004,THE MOTHER AS SOON AS THE CHAISE IS SO FAR TURNED THAT MARY CAN NO LONGER WATCH THE EXPRESSION OF HER COUNTENANCE GOES AWAY FROM THE DOOR WITH A SMILE OF COMPLACENCY AND SATISFACTION UPON HER FACE AT THE INGENUITY AND SUCCESS OF HER LITTLE ARTIFICE
http/7127-75946-0028.wav,16.075,16000,1,LibriSpeech test-clean 7127-75946-0028,BY DEGREES ALL HIS HAPPINESS ALL HIS BRILLIANCY SUBSIDED INTO REGRET AND UNEASINESS SO THAT HIS LIMBS LOST THEIR POWER HIS ARMS HUNG HEAVILY BY HIS SIDES AND HIS HEAD DROOPED AS THOUGH HE WAS STUPEFIED
http/7176-88083-0021.wav,12.605,16000,1,LibriSpeech test-clean 7176-88083-0021,BUT AS BEFORE THE LEAPING WAVES OF THE RAPIDS WERE TOO MUCH FOR HIS PURSUER AND HE WAS ABLE TO FLAP HIS WAY ONWARD IN A CLOUD OF FOAM WHILE DOOM HUNG LOW ABOVE HIS HEAD YET HESITATED TO STRIKE
http/7729-102255-0043.wav,11.035,16000,1,LibriSpeech test-clean 7729-102255-0043,IN A FEW DAYS AN OFFICER CAME WITH A REQUISITION FROM GOVERNOR SHANNON AND TOOK THE PRISONER BY LAND TO WESTPORT AND AFTERWARDS FROM THERE TO KANSAS CITY AND LEAVENWORTH
http/8224-274381-0003.wav,13.085,16000,1,LibriSpeech test-clean 8224-274381-0003,THE KING'S EARS WERE NOW OPEN TO MONTROSE'S COUNSELS WHO PROPOSED NONE BUT THE BOLDEST AND MOST DARING AGREEABLY TO THE DESPERATE STATE OF THE ROYAL CAUSE IN SCOTLAND
http/8230-279154-0007.wav,15.905,16000,1,LibriSpeech test-clean 8230-279154-0007,HABIT IS A CONCEPT INVOLVING THE OCCURRENCE OF SIMILAR EVENTS AT DIFFERENT TIMES IF THE BEHAVIOURIST FEELS CONFIDENT THAT THERE IS SUCH A PHENOMENON AS HABIT THAT CAN ONLY BE BECAUSE HE TRUSTS HIS MEMORY WHEN IT ASSURES HIM THAT THERE HAVE BEEN OTHER TIMES
http/8455-210777-0008.wav,11.835,16000,1,LibriSpeech test-clean 8455-210777-0008,THE LADIES IN COMPLIANCE WITH THAT SOFTNESS OF HEART WHICH IS THEIR CHARACTERISTIC ARE ON ONE SIDE AND THE MEN BY WHOM THE WORLD HAS TO BE MANAGED ARE ON THE OTHER
http/8463-294828-0035.wav,14.955,16000,1,LibriSpeech test-clean 8463-294828-0035,AND SO IF I'D BEEN DELAYED BY A QUARTER OF AN HOUR OR EVEN LESS THE FRIGATE WOULD HAVE GONE WITHOUT ME AND I WOULD HAVE MISSED OUT ON THIS UNEARTHLY EXTRAORDINARY AND INCONCEIVABLE EXPEDITION WHOSE TRUE STORY MIGHT WELL MEET WITH SOME SKEPTICISM
http/8555-292519-0006.wav,10.180,16000,1,LibriSpeech test-clean 8555-292519-0006,THE PLEASANT GRAVEYARD OF MY SOUL WITH SENTIMENTAL CYPRESS TREES AND FLOWERS IS FILLED THAT I MAY STROLL IN MEDITATION AT MY EASE
http/908-31957-0004.wav,14.755,16000,1,LibriSpeech test-clean 908-31957-0004,SHALL I NEVER MISS HOME TALK AND BLESSING AND THE COMMON KISS THAT COMES TO EACH IN TURN NOR COUNT IT STRANGE WHEN I LOOK UP TO DROP ON A NEW RANGE OF WALLS AND FLOORS ANOTHER HOME THAN THIS
http/1089-134686-0023.wav,13.275,16000,1,LibriSpeech test-clean 1089-134686-0023,WHY WAS THE SACRAMENT OF THE EUCHARIST INSTITUTED UNDER THE TWO SPECIES OF BREAD AND WINE IF JESUS CHRIST BE PRESENT BODY AND BLOOD SOUL AND DIVINITY IN THE BREAD ALONE AND IN THE WINE ALONE
http/1188-133604-0028.wav,19.005,16000,1,LibriSpeech test-clean 1188-133604-0028,WELL THEN LAST HERE IS TURNER'S GREEK SCHOOL OF THE HIGHEST CLASS AND YOU DEFINE HIS ART ABSOLUTELY AS FIRST THE DISPLAYING INTENSELY AND WITH THE STERNEST INTELLECT OF NATURAL FORM AS IT IS AND THEN THE ENVELOPMENT OF IT WITH CLOUD AND FIRE
http/121-123852-0004.wav,16.290,16000,1,LibriSpeech test-clean 121-123852-0004,MY HEART DOTH PLEAD THAT THOU IN HIM DOST LIE A CLOSET NEVER PIERC'D WITH CRYSTAL EYES BUT THE DEFENDANT DOTH THAT PLEA DENY AND SAYS IN HIM THY FAIR APPEARANCE LIES
http/1221-135767-0021.wav,12.720,16000,1,LibriSpeech test-clean 1221-135767-0021,PEARL ACCORDINGLY RAN TO THE BOW WINDOW AT THE FURTHER END OF THE HALL AND LOOKED ALONG THE VISTA OF A GARDEN WALK CARPETED WITH CLOSELY SHAVEN GRASS AND BORDERED WITH SOME RUDE AND IMMATURE ATTEMPT AT SHRUBBERY
http/1284-1180-0008.wav,10.490,16000,1,LibriSpeech test-clean 1284-1180-0008,ALL THE MORNING THEY TRUDGED UP THE MOUNTAIN PATH AND AT NOON UNC AND OJO SAT ON A FALLEN TREE TRUNK AND ATE THE LAST OF THE BREAD WHICH THE OLD MUNCHKIN HAD PLACED IN HIS POCKET
http/1320-122617-0007.wav,18.525,16000,1,LibriSpeech test-clean 1320-122617-0007,COME COME RETURNED HAWKEYE UNCASING HIS HONEST COUNTENANCE THE BETTER TO ASSURE THE WAVERING CONFIDENCE OF HIS COMPANION YOU MAY SEE A SKIN WHICH IF IT BE NOT AS WHITE AS ONE OF THE GENTLE ONES HAS NO TINGE OF RED TO IT THAT THE WINDS OF THE HEAVEN AND THE SUN HAVE NOT BESTOWED NOW LET US TO BUSINESS
http/1580-141083-0001.wav,10.255,16000,1,LibriSpeech test-clean 1580-141083-0001,I HAD ALWAYS KNOWN HIM TO BE RESTLESS IN HIS MANNER BUT ON THIS PARTICULAR OCCASION HE WAS IN SUCH A STATE OF UNCONTROLLABLE AGITATION THAT IT WAS CLEAR SOMETHING VERY UNUSUAL HAD OCCURRED
http/1995-1836-0005.wav,10.900,16000,1,LibriSpeech test-clean 1995-1836-0005,MISSUS GREY HAD MET SOUTHERNERS BEFORE BUT NOT INTIMATELY AND SHE ALWAYS HAD IN MIND VIVIDLY THEIR CRUELTY TO POOR NEGROES A SUBJECT SHE MADE A POINT OF INTRODUCING FORTHWITH
http/2094-142345-0003.wav,14.675,16000,1,LibriSpeech test-clean 2094-142345-0003,A LARGE OPEN FIREPLACE WITH RUSTY DOGS IN IT AND A BARE BOARDED FLOOR AT THE FAR END FLEECES OF WOOL STACKED UP IN THE MIDDLE OF THE FLOOR SOME EMPTY CORN BAGS
http/2300-131720-0013.wav,13.890,16000,1,LibriSpeech test-clean 2300-131720-0013,UNLESS HE COULD SECURE AN ENGINE OF SMOOTHER RUNNING AND MORE EXACTLY GOVERNED AND REGULATED THAN THOSE AVAILABLE FOR HIS DYNAMO AND LAMP EDISON REALIZED THAT HE WOULD FIND IT ALMOST IMPOSSIBLE TO GIVE A STEADY LIGHT
http/237-134493-0016.wav,10.085,16000,1,LibriSpeech test-clean 237-134493-0016,ON EITHER SIDE OF THE ROAD FOR A MILE BEFORE YOU REACHED THE FOOT OF THE HILL STOOD TALL OSAGE ORANGE HEDGES THEIR GLOSSY GREEN MARKING OFF THE YELLOW FIELDS
http/260-123288-0005.wav,12.550,16000,1,LibriSpeech test-clean 260-123288-0005,FROM TIME TO TIME A FLEECY TUFT OF MIST WITH YET SOME GLEAMING LIGHT LEFT UPON IT DROPS DOWN UPON THE DENSE FLOOR OF GREY AND LOSES ITSELF IN THE OPAQUE AND IMPENETRABLE MASS
http/2830-3979-0001.wav,16.125,16000,1,LibriSpeech test-clean 2830-3979-0001,THE CONDITION IS THAT I WILL BE PERMITTED TO MAKE LUTHER TALK AMERICAN STREAMLINE HIM SO TO SPEAK BECAUSE YOU WILL NEVER GET PEOPLE WHETHER IN OR OUTSIDE THE LUTHERAN CHURCH ACTUALLY TO READ LUTHER UNLESS WE MAKE HIM TALK AS HE WOULD TALK TODAY TO AMERICANS
http/2961-960-0013.wav,10.575,16000,1,LibriSpeech test-clean 2961-960-0013,IT IS PROBABLE THAT THE RELATION OF THE IDEAS TO GOD OR OF GOD TO THE WORLD WAS DIFFERENTLY CONCEIVED BY HIM AT DIFFERENT TIMES OF HIS LIFE
http/3570-5694-0007.wav,10.545,16000,1,LibriSpeech test-clean 3570-5694-0007,IT HAS EVEN HAPPENED THAT THE NAME FOR CERTAIN DISEASED CONDITIONS OF THE BODY ARISING FROM SUCH AN ORIGIN HAS PASSED INTO EVERYDAY SPEECH AS A SYNONYM FOR NOBLE OR GENTLE
http/3575-170457-0037.wav,14.200,16000,1,LibriSpeech test-clean 3575-170457-0037,IF CHRISTIAN PERFECTION BE NECESSARY TO SALVATION I SHALL NEVER BE SAVED MY HEART IS A VERY HOTBED FOR SINFUL THOUGHTS AND WHEN I DECIDE ON AN ACTION I SCARCELY REMEMBER TO LOOK TO MY REDEEMER FOR DIRECTION
http/3729-6852-0004.wav,16.460,16000,1,LibriSpeech test-clean 3729-6852-0004,HER FACE WAS AN ENIGMA FOR IT INSPIRED EVERYONE WITH THE WARMEST SYMPATHY AND YET IF YOU EXAMINED IT ATTENTIVELY THERE WAS NOT ONE BEAUTIFUL FEATURE SHE COULD NOT BE CALLED HANDSOME BUT NO ONE COULD HAVE THOUGHT HER UGLY
http/4077-13754-0002.wav,17.780,16000,1,LibriSpeech test-clean 4077-13754-0002,IT WAS THROUGH FLOYD'S ADVICE THAT BUCHANAN ORDERED THE MILITARY EXPEDITION TO UTAH OSTENSIBLY TO INSTALL CERTAIN FEDERAL OFFICIALS AND TO REPRESS AN ALLEGED INFANTILE REBELLION WHICH IN FACT HAD NEVER COME INTO EXISTENCE BUT IN REALITY TO FURTHER THE INTERESTS OF THE SECESSIONISTS
http/4446-2271-0016.wav,10.205,16000,1,LibriSpeech test-clean 4446-2271-0016,HE WAS BEGINNING TO FEEL A KEEN INTEREST IN THE SLENDER BAREFOOT DONKEY GIRL WHO SLIPPED IN AND OUT OF THE PLAY SINGING LIKE SOME ONE WINDING THROUGH A HILLY FIELD
http/4507-16021-0031.wav,14.310,16000,1,LibriSpeech test-clean 4507-16021-0031,AND THEN WE INSIST UPON IT THE STUDY OF SOCIAL DEFORMITIES AND INFIRMITIES AND THE TASK OF POINTING THEM OUT WITH A VIEW TO REMEDY IS NOT A BUSINESS IN WHICH CHOICE IS PERMITTED
ws/8224-274384.wav,42.520,16000,1,LibriSpeech test-clean 8224-274384-0000;8224-274384-0001;8224-274384-0002;8224-274384-0003,HE PASSED THROUGH HENLEY SAINT ALBANS AND CAME SO NEAR TO LONDON AS HARROW ON THE HILL THE SCOTTISH GENERALS AND COMMISSIONERS AFFECTED GREAT SURPRISE ON THE APPEARANCE OF THE KING AND THOUGH THEY PAID HIM ALL THE EXTERIOR RESPECT DUE TO HIS DIGNITY THEY INSTANTLY SET A GUARD UPON HIM UNDER COLOR OF PROTECTION AND MADE HIM IN REALITY A PRISONER THEY INFORMED THE ENGLISH PARLIAMENT OF THIS UNEXPECTED INCIDENT AND ASSURED THEM THAT THEY HAD ENTERED INTO NO PRIVATE TREATY WITH THE KING OR HATH HE GIVEN US ANY GIFT
ws/8555-284449.wav,58.575,16000,1,LibriSpeech test-clean 8555-284449-0000;8555-284449-0001;8555-284449-0002;8555-284449-0003;8555-284449-0004;8555-284449-0005,SO THEY WERE QUITE WILLING TO OBEY THE ORDERS OF THEIR GIRL QUEEN AND IN A SHORT TIME THE BLASTS OF TRUMPETS AND ROLL OF DRUMS AND CLASHING OF CYMBALS TOLD TROT AND CAP'N BILL THAT THE BLUE BANDS HAD ASSEMBLED BEFORE THE PALACE THEN THEY ALL MARCHED OUT A LITTLE WAY INTO THE FIELDS AND FOUND THAT THE ARMY OF PINKIES HAD ALREADY FORMED AND WAS ADVANCING STEADILY TOWARD THEM AT THE HEAD OF THE PINKIES WERE GHIP GHISIZZLE AND BUTTON BRIGHT WHO HAD THE PARROT ON HIS SHOULDER AND THEY WERE SUPPORTED BY CAPTAIN CORALIE AND CAPTAIN TINTINT AND ROSALIE THE WITCH WHEN THE BLUESKINS SAW GHIP GHISIZZLE THEY RAISED ANOTHER GREAT SHOUT FOR HE WAS THE FAVORITE OF THE SOLDIERS AND VERY POPULAR WITH ALL THE PEOPLE SINCE LAST THURSDAY I GHIP GHISIZZLE HAVE BEEN THE LAWFUL BOOLOOROO OF THE BLUE COUNTRY BUT NOW THAT YOU ARE CONQUERED BY QUEEN TROT I SUPPOSE I AM CONQUERED TOO AND YOU HAVE NO BOOLOOROO AT ALL WHEN HE FINISHED SHE SAID CHEERFULLY
ws/1580-141083.wav,56.655,16000,1,LibriSpeech test-clean 1580-141083-0000;1580-141083-0001;1580-141083-0002;1580-141083-0003;1580-141083-0004;1580-141083-0005;1580-141083-0006;1580-141083-0007,I WILL ENDEAVOUR IN MY STATEMENT TO AVOID SUCH TERMS AS WOULD SERVE TO LIMIT THE EVENTS TO ANY PARTICULAR PLACE OR GIVE A CLUE AS TO THE PEOPLE CONCERNED I HAD ALWAYS KNOWN HIM TO BE RESTLESS IN HIS MANNER BUT ON THIS PARTICULAR OCCASION HE WAS IN SUCH A STATE OF UNCONTROLLABLE AGITATION THAT IT WAS CLEAR SOMETHING VERY UNUSUAL HAD OCCURRED MY FRIEND'S TEMPER HAD NOT IMPROVED SINCE HE HAD BEEN DEPRIVED OF THE CONGENIAL SURROUNDINGS OF BAKER STREET WITHOUT HIS SCRAPBOOKS HIS CHEMICALS AND HIS HOMELY UNTIDINESS HE WAS AN UNCOMFORTABLE MAN I HAD TO READ IT OVER CAREFULLY AS THE TEXT MUST BE ABSOLUTELY CORRECT I WAS ABSENT RATHER MORE THAN AN HOUR THE ONLY DUPLICATE WHICH EXISTED SO FAR AS I KNEW WAS THAT WHICH BELONGED TO MY SERVANT BANNISTER A MAN WHO HAS LOOKED AFTER MY ROOM FOR TEN YEARS AND WHOSE HONESTY IS ABSOLUTELY ABOVE SUSPICION THE MOMENT I LOOKED AT MY TABLE I WAS AWARE THAT SOMEONE HAD RUMMAGED AMONG MY PAPERS
ws/1089-134691.wav,58.530,16000,1,LibriSpeech test-clean 1089-134691-0000;1089-134691-0001;1089-134691-0002;1089-134691-0003;1089-134691-0004;1089-134691-0005;1089-134691-0006;1089-134691-0007;1089-134691-0008,HE COULD WAIT NO LONGER FOR A FULL HOUR HE HAD PACED UP AND DOWN WAITING BUT HE COULD WAIT NO LONGER HE SET OFF ABRUPTLY FOR THE BULL WALKING RAPIDLY LEST HIS FATHER'S SHRILL WHISTLE MIGHT CALL HIM BACK AND IN A FEW MOMENTS HE HAD ROUNDED THE CURVE AT THE POLICE BARRACK AND WAS SAFE THE UNIVERSITY PRIDE AFTER SATISFACTION UPLIFTED HIM LIKE LONG SLOW WAVES WHOSE FEET ARE AS THE FEET OF HARTS AND UNDERNEATH THE EVERLASTING ARMS THE PRIDE OF THAT DIM IMAGE BROUGHT BACK TO HIS MIND THE DIGNITY OF THE OFFICE HE HAD REFUSED SOON THE WHOLE BRIDGE WAS TREMBLING AND RESOUNDING THE UNCOUTH FACES PASSED HIM TWO BY TWO STAINED YELLOW OR RED OR LIVID BY THE SEA AND AS HE STROVE TO LOOK AT THEM WITH EASE AND INDIFFERENCE A FAINT STAIN OF PERSONAL SHAME AND COMMISERATION ROSE TO HIS OWN FACE
ws/1284-134647.wav,54.960,16000,1,LibriSpeech test-clean 1284-134647-0000;1284-134647-0001;1284-134647-0002;1284-134647-0003,THE GRATEFUL APPLAUSE OF THE CLERGY HAS CONSECRATED THE MEMORY OF A PRINCE WHO INDULGED THEIR PASSIONS AND PROMOTED THEIR INTEREST THE EDICT OF MILAN THE GREAT CHARTER OF TOLERATION HAD CONFIRMED TO EACH INDIVIDUAL OF THE ROMAN WORLD THE PRIVILEGE OF CHOOSING AND PROFESSING HIS OWN RELIGION BUT THIS INESTIMABLE PRIVILEGE WAS SOON VIOLATED WITH THE KNOWLEDGE OF TRUTH THE EMPEROR IMBIBED THE MAXIMS OF PERSECUTION AND THE SECTS WHICH DISSENTED FROM THE CATHOLIC CHURCH WERE AFFLICTED AND OPPRESSED BY THE TRIUMPH OF CHRISTIANITY CONSTANTINE EASILY BELIEVED THAT THE HERETICS WHO PRESUMED TO DISPUTE HIS OPINIONS OR TO OPPOSE HIS COMMANDS WERE GUILTY OF THE MOST ABSURD AND CRIMINAL OBSTINACY AND THAT A SEASONABLE APPLICATION OF MODERATE SEVERITIES MIGHT SAVE THOSE UNHAPPY MEN FROM THE DANGER OF AN EVERLASTING CONDEMNATION
ws/6829-68769.wav,55.325,16000,1,LibriSpeech test-clean 6829-68769-0000;6829-68769-0001;6829-68769-0002;6829-68769-0003;6829-68769-0004;6829-68769-0005;6829-68769-0006;6829-68769-0007,KENNETH AND BETH REFRAINED FROM TELLING THE OTHER GIRLS OR UNCLE JOHN OF OLD WILL ROGERS'S VISIT BUT THEY GOT MISTER WATSON IN THE LIBRARY AND QUESTIONED HIM CLOSELY ABOUT THE PENALTY FOR FORGING A CHECK IT WAS A SERIOUS CRIME INDEED MISTER WATSON TOLD THEM AND TOM GATES BADE FAIR TO SERVE A LENGTHY TERM IN STATE'S PRISON AS A CONSEQUENCE OF HIS RASH ACT I CAN'T SEE IT IN THAT LIGHT SAID THE OLD LAWYER IT WAS A DELIBERATE THEFT FROM HIS EMPLOYERS TO PROTECT A GIRL HE LOVED BUT THEY COULD NOT HAVE PROVEN A CASE AGAINST LUCY IF SHE WAS INNOCENT AND ALL THEIR THREATS OF ARRESTING HER WERE PROBABLY MERE BLUFF HE WAS SOFT HEARTED AND IMPETUOUS SAID BETH AND BEING IN LOVE HE DIDN'T STOP TO COUNT THE COST IF THE PROSECUTION WERE WITHDRAWN AND THE CASE SETTLED WITH THE VICTIM OF THE FORGED CHECK THEN THE YOUNG MAN WOULD BE ALLOWED HIS FREEDOM BUT UNDER THE CIRCUMSTANCES I DOUBT IF SUCH AN ARRANGEMENT COULD BE MADE
ws/7127-75946.wav,56.585,16000,1,LibriSpeech test-clean 7127-75946-0000;7127-75946-0001;7127-75946-0002;7127-75946-0003;7127-75946-0004;7127-75946-0005;7127-75946-0006,AT THE CONCLUSION OF THE BANQUET WHICH WAS SERVED AT FIVE O'CLOCK THE KING ENTERED HIS CABINET WHERE HIS TAILORS WERE AWAITING HIM FOR THE PURPOSE OF TRYING ON THE CELEBRATED COSTUME REPRESENTING SPRING WHICH WAS THE RESULT OF SO MUCH IMAGINATION AND HAD COST SO MANY EFFORTS OF THOUGHT TO THE DESIGNERS AND ORNAMENT WORKERS OF THE COURT AH VERY WELL LET HIM COME IN THEN SAID THE KING AND AS IF COLBERT HAD BEEN LISTENING AT THE DOOR FOR THE PURPOSE OF KEEPING HIMSELF AU COURANT WITH THE CONVERSATION HE ENTERED AS SOON AS THE KING HAD PRONOUNCED HIS NAME TO THE TWO COURTIERS GENTLEMEN TO YOUR POSTS WHEREUPON SAINT AIGNAN AND VILLEROY TOOK THEIR LEAVE CERTAINLY SIRE BUT I MUST HAVE MONEY TO DO THAT WHAT WHAT DO YOU MEAN INQUIRED LOUIS HE HAS GIVEN THEM WITH TOO MUCH GRACE NOT TO HAVE OTHERS STILL TO GIVE IF THEY ARE REQUIRED WHICH IS THE CASE AT THE PRESENT MOMENT
ws/4970-29093.wav,45.985,16000,1,LibriSpeech test-clean 4970-29093-0000;4970-29093-0001;4970-29093-0002;4970-29093-0003;4970-29093-0004,YOU'LL NEVER DIG IT OUT OF THE ASTOR LIBRARY TO THE YOUNG AMERICAN HERE OR ELSEWHERE THE PATHS TO FORTUNE ARE INNUMERABLE AND ALL OPEN THERE IS INVITATION IN THE AIR AND SUCCESS IN ALL HIS WIDE HORIZON HE HAS NO TRADITIONS TO BIND HIM OR GUIDE HIM AND HIS IMPULSE IS TO BREAK AWAY FROM THE OCCUPATION HIS FATHER HAS FOLLOWED AND MAKE A NEW WAY FOR HIMSELF THE MODEST FELLOW WOULD HAVE LIKED FAME THRUST UPON HIM FOR SOME WORTHY ACHIEVEMENT IT MIGHT BE FOR A BOOK OR FOR THE SKILLFUL MANAGEMENT OF SOME GREAT NEWSPAPER OR FOR SOME DARING EXPEDITION LIKE THAT OF LIEUTENANT STRAIN OR DOCTOR KANE HE WAS UNABLE TO DECIDE EXACTLY WHAT IT SHOULD BE
